{
    "loss": 11.9249267578125,
    "accuracy": 0.5467625856399536
}