{
    "loss": 23.474708557128906,
    "accuracy": 0.5467625856399536
}